{
  "theta": {
    "kappa": 1.0,
    "gamma": 0.9588514417820797,
    "beta": 0.5473643059173728,
    "epsilon": 0.01,
    "w_L": 1.0,
    "w_M": 1.0
  },
  "area_fraction_polar": 0.6115324892069398,
  "area_fraction_grid": 0.6127542251503867,
  "discrepancy": 0.0012217359434468777,
  "max_v_norm": 0.9999999999999999,
  "min_v_norm": 0.49854220762118256,
  "mean_v_norm": 0.766291192564816
}