{
  "name": "Display P3",
  "n_samples": 15625,
  "u_norm_min": 1.5824031653649584e-05,
  "u_norm_max": 6.105510310511398,
  "u_norm_mean": 0.7436444794053467,
  "u_norm_median": 0.45736037724762135,
  "u_norm_99pct": 4.855930617600516,
  "u_norm_999pct": 5.805174504927374,
  "recommended_kappa": 1.6951899961877361,
  "target_tolerance": 1e-08,
  "safety_factor": 0.9,
  "target_kappa_u_threshold": 10.53,
  "v_norm_max": 0.9999999979529229,
  "v_norm_mean": 0.6227290445679933,
  "n_saturated": 0,
  "n_near_saturation": 0,
  "v_norm_max_k1": 0.9999900494070517,
  "n_saturated_k1": 0,
  "n_negative_lms_before_clip": 0,
  "pct_negative_lms": 0.0,
  "rgb_to_xyz_matrix": [
    [
      0.4865709,
      0.2656677,
      0.1982173
    ],
    [
      0.2289746,
      0.6917385,
      0.0792869
    ],
    [
      0.0,
      0.0451134,
      1.0439444
    ]
  ],
  "xyz_to_lms_matrix": [
    [
      0.38971,
      0.68898,
      -0.07868
    ],
    [
      -0.22981,
      1.1834,
      0.04641
    ],
    [
      0.0,
      0.0,
      1.0
    ]
  ],
  "whitepoint": "D65",
  "lms_matrix_name": "Hunt-Pointer-Estevez",
  "transfer_function": "sRGB-like (gamma 2.4)",
  "theta_gamma": 0.9588514417820797,
  "theta_beta": 0.5473643059173728
}