{
  "n_pairs": 500,
  "seed": 42,
  "sampling": {
    "r_range": [
      0.1,
      0.9
    ],
    "theta_range": [
      -3.141592653589793,
      3.141592653589793
    ]
  },
  "correlations": {
    "trace": {
      "pearson": 0.9626469481159482,
      "spearman": 0.956375601502406,
      "spearman_pvalue": 2.7329937822537885e-268
    },
    "bures": {
      "pearson": 0.9788783010770197,
      "spearman": 0.9775150780603123,
      "spearman_pvalue": 0.0
    },
    "bures_angle": {
      "pearson": 0.979361220726949,
      "spearman": 0.9775150780603123,
      "spearman_pvalue": 0.0
    },
    "euclidean": {
      "pearson": 0.9626469481159482,
      "spearman": 0.956375601502406,
      "spearman_pvalue": 2.7329937822537885e-268
    }
  },
  "statistics": {
    "trace": {
      "min": 0.017837300098570544,
      "median": 0.33359117894945184,
      "max": 0.8688768774049119,
      "mean": 0.34318026071719887,
      "std": 0.17022661150820612
    },
    "bures": {
      "min": 0.01787990050629555,
      "median": 0.3608699277305252,
      "max": 1.0050820093281472,
      "mean": 0.37093540654646945,
      "std": 0.18732957185601198
    },
    "bures_angle": {
      "min": 0.017880138683213812,
      "median": 0.3628573263968389,
      "max": 1.0530707373672177,
      "mean": 0.3749968648339008,
      "std": 0.1924397957644183
    },
    "euclidean": {
      "min": 0.03567460019714109,
      "median": 0.6671823578989038,
      "max": 1.7377537548098239,
      "mean": 0.6863605214343977,
      "std": 0.34045322301641223
    },
    "hilbert": {
      "min": 0.0365045500775751,
      "median": 0.8185279609484115,
      "max": 2.7425575324238154,
      "mean": 0.887701622359954,
      "std": 0.48208315400498064
    }
  },
  "note": "Bures angle = arccos(sqrt(F)); equals Fubini-Study only for pure states (||v||=1)."
}