{
  "name": "sRGB",
  "n_samples": 15625,
  "u_norm_min": 7.49605328895795e-09,
  "u_norm_max": 6.061850717703096,
  "u_norm_mean": 0.6979604956810674,
  "u_norm_median": 0.41258073680190427,
  "u_norm_99pct": 4.741997615239525,
  "u_norm_999pct": 5.749986523446058,
  "recommended_kappa": 1.7073993540906154,
  "target_tolerance": 1e-08,
  "safety_factor": 0.9,
  "target_kappa_u_threshold": 10.53,
  "v_norm_max": 0.9999999979529229,
  "v_norm_mean": 0.592116922909573,
  "n_saturated": 0,
  "n_near_saturation": 0,
  "v_norm_max_k1": 0.9999891414707863,
  "n_saturated_k1": 0,
  "n_negative_lms_before_clip": 0,
  "pct_negative_lms": 0.0,
  "rgb_to_xyz_matrix": [
    [
      0.4124564,
      0.3575761,
      0.1804375
    ],
    [
      0.2126729,
      0.7151522,
      0.072175
    ],
    [
      0.0193339,
      0.119192,
      0.9503041
    ]
  ],
  "xyz_to_lms_matrix": [
    [
      0.38971,
      0.68898,
      -0.07868
    ],
    [
      -0.22981,
      1.1834,
      0.04641
    ],
    [
      0.0,
      0.0,
      1.0
    ]
  ],
  "whitepoint": "D65",
  "lms_matrix_name": "Hunt-Pointer-Estevez",
  "transfer_function": "sRGB-like (gamma 2.4)",
  "theta_gamma": 0.9588514417820797,
  "theta_beta": 0.5473643059173728
}